Genotype,Date,Fresh weight,Dry weight,Mean height,Mean area,id
AMES13228,20160718,-4.009628989,-0.050264153,43.5,2226.166667,cq0002.00-
AMES13228,20160722,-1.74670381,0.033926208,88.125,8220.833333,cq0002.00-
AMES13228,20160725,1.708491805,0.210694317,138.2083333,22110,cq0002.00-
AMES13228,20160727,4.169067398,0.343870736,171.3333333,32667.66667,cq0002.00-
AMES13228,20160729,7.575871145,0.56694376,193.75,53436.33333,cq0002.00-
AMES13228,20160801,14.92526422,0.997727487,281.0416667,88026.33333,cq0002.00-
AMES13228,20160803,18.80737068,1.31250397,280.875,118437.5,cq0002.00-
AMES13747,20160718,-5.07762503,-0.076836919,18,561.5,cq0031.00-
AMES13747,20160722,-4.042404367,-0.043832853,42.125,2330.5,cq0031.00-
AMES13747,20160725,-2.044904659,0.033568675,83.5,7101.5,cq0031.00-
AMES13747,20160727,-0.394887425,0.125948628,89.75,18369,cq0031.00-
AMES13747,20160729,0.116247491,0.199965972,92.875,21547.5,cq0031.00-
AMES13747,20160801,6.6058956,0.50385656,169.5,52210.5,cq0031.00-
AMES13747,20160803,8.568389835,0.776493229,159,70316.5,cq0031.00-
BBR,20160718,-3.000332277,-0.019834971,65.7916667,4273.333333,cq0388.00-
BBR,20160722,-0.024007421,0.155670198,116.8333333,14165.16667,cq0388.00-
BBR,20160725,5.83916194,0.516307884,182.1666667,42889.83333,cq0388.00-
BBR,20160727,8.30866465,0.674699333,217.5,52938,cq0388.00-
BBR,20160729,9.976606111,0.778889201,231.75,62247,cq0388.00-
BBR,20160801,15.44345779,1.125029521,325.875,80318.33333,cq0388.00-
BBR,20160803,19.67542018,1.633611486,352.6666667,106394,cq0388.00-
CHEN143,20160718,-4.628646614,-0.068671743,29.2,1135.4,cq0186.00-
CHEN143,20160722,-3.383212021,-0.028611039,54.3,4293,cq0186.00-
CHEN143,20160725,-2.358629755,0.046833898,67.6,8818.6,cq0186.00-
CHEN143,20160727,-1.5339172,0.064919875,75.4,13223.6,cq0186.00-
CHEN143,20160729,-1.803626217,0.103776045,58.65,15508,cq0186.00-
CHEN143,20160801,2.869378515,0.412453876,87.8,44415,cq0186.00-
CHEN143,20160803,3.636963643,0.460633255,94.2,48740.4,cq0186.00-
CHEN147,20160718,-4.354614986,-0.062562136,36.25,1429.5,cq0190.00-
CHEN147,20160722,-3.217014443,-0.009495618,57.25,4819.166667,cq0190.00-
CHEN147,20160725,-1.405781807,0.077484516,80.5,12888,cq0190.00-
CHEN147,20160727,-0.012082532,0.143734486,94.7916667,20040.83333,cq0190.00-
CHEN147,20160729,0.962437468,0.21893158,105.1666667,24942.16667,cq0190.00-
CHEN147,20160801,3.632579989,0.431310781,128.1666667,39795.33333,cq0190.00-
CHEN147,20160803,7.594418249,0.668009592,155.875,63517.5,cq0190.00-
CHEN150,20160718,-4.188727987,-0.060964323,39.9,1769.6,cq0193.00-
CHEN150,20160722,-2.472730731,0.014535177,74.55,6102.8,cq0193.00-
CHEN150,20160725,-0.007761734,0.157717709,103.2,17868.8,cq0193.00-
CHEN150,20160727,1.825664082,0.244902924,136.3,23527.2,cq0193.00-
CHEN150,20160729,3.787932687,0.360621248,153.35,34404,cq0193.00-
CHEN150,20160801,8.573139509,0.694033738,220.25,54285.4,cq0193.00-
CHEN150,20160803,14.24108172,1.028995569,266.85,86397.4,cq0193.00-
CHEN162,20160718,-3.8714079,-0.045875383,47.6,2231.8,cq0205.00-
CHEN162,20160722,-1.859655782,0.044123615,82.3,8865.4,cq0205.00-
CHEN162,20160725,0.976550837,0.230259758,124.45,19993.8,cq0205.00-
CHEN162,20160727,1.864217373,0.309585356,123.55,27173.6,cq0205.00-
CHEN162,20160729,6.124727669,0.508332373,191.65,42635.8,cq0205.00-
CHEN162,20160801,12.6823892,0.988428641,259.95,76014.8,cq0205.00-
CHEN162,20160803,15.56415087,1.243594843,293.1,89860.6,cq0205.00-
CHEN175,20160718,-4.443239052,-0.070781802,35.5,933,cq0212.00-
CHEN175,20160722,-3.695165142,-0.032566327,49.5,3112,cq0212.00-
CHEN175,20160725,-2.927427984,0.030764072,60,6363,cq0212.00-
CHEN175,20160727,-1.549416267,0.079232516,83.25,11043,cq0212.00-
CHEN175,20160729,-0.716531494,0.146968909,83.75,17427,cq0212.00-
CHEN175,20160801,-0.15043807,0.29197085,47.5,31365,cq0212.00-
CHEN175,20160803,0.984890008,0.352163553,63.75,35983,cq0212.00-
CHEN179,20160718,-3.421512801,-0.046964015,56.5,3416.25,cq0216.00-
CHEN179,20160722,-2.73711696,0.004723807,68.3125,5671,cq0216.00-
CHEN179,20160725,-1.048354849,0.123837143,88.8125,13503.25,cq0216.00-
CHEN179,20160727,0.551992643,0.189482843,118.5625,18217.25,cq0216.00-
CHEN179,20160729,2.840139469,0.329321538,140.9375,30246.25,cq0216.00-
CHEN179,20160801,7.786639104,0.705428602,187.25,56790.25,cq0216.00-
CHEN179,20160803,12.65383805,1.135827557,224.125,85189.75,cq0216.00-
CHEN183,20160718,-4.122002954,-0.058235448,40.05,2252.2,cq0218.00-
CHEN183,20160722,-3.001256732,-0.016486916,62.6,5103.4,cq0218.00-
CHEN183,20160725,-1.638154856,0.096017994,77.2,11936,cq0218.00-
CHEN183,20160727,-0.625705765,0.121799049,82.5,18465.4,cq0218.00-
CHEN183,20160729,2.125912498,0.252879963,127.35,28223.8,cq0218.00-
CHEN183,20160801,4.351580278,0.470620373,141.5,41921.8,cq0218.00-
CHEN183,20160803,9.857865543,0.753367275,188.55,72651.2,cq0218.00-
CHEN194,20160718,-4.988515101,-0.075419794,20.375,635.5,cq0229.00-
CHEN194,20160722,-4.374027309,-0.056220413,33,2130.25,cq0229.00-
CHEN194,20160725,-3.79340048,-0.01364451,41.9375,4327.5,cq0229.00-
CHEN194,20160727,-3.326080182,-0.003353554,51.375,5507.25,cq0229.00-
CHEN194,20160729,-2.226441029,0.051261017,66.375,10174,cq0229.00-
CHEN194,20160801,-0.876701731,0.115617944,87.3125,15239.5,cq0229.00-
CHEN194,20160803,0.210179993,0.210021116,98.125,20905,cq0229.00-
CHEN195,20160718,-4.446526516,-0.066963736,34.125,1268,cq0230.00-
CHEN195,20160722,-3.082254192,-0.021183218,61.875,4660,cq0230.00-
CHEN195,20160725,-1.469990578,0.068449844,84.875,11238,cq0230.00-
CHEN195,20160727,-0.197262379,0.14169458,102.75,16504.5,cq0230.00-
CHEN195,20160729,1.47647166,0.251476334,128.25,22907.5,cq0230.00-
CHEN195,20160801,5.856868307,0.523301195,185.875,42055.5,cq0230.00-
CHEN195,20160803,11.20570941,0.8964403,234.125,71238.5,cq0230.00-
CHEN210,20160718,-4.350652015,-0.061247865,36.25,1460.5,cq0243.00-
CHEN210,20160722,-2.648862079,0.008086879,70.5,5787.5,cq0243.00-
CHEN210,20160725,-1.480464558,0.082518272,82.125,11877.5,cq0243.00-
CHEN210,20160727,-0.14300752,0.152181185,92.875,19519.5,cq0243.00-
CHEN210,20160729,2.166689081,0.270993932,120.625,30307,cq0243.00-
CHEN210,20160801,0.966378749,0.29654613,76.875,32395,cq0243.00-
CHEN210,20160803,8.885780929,0.728121342,146.5,76078.5,cq0243.00-
CHEN216,20160718,-3.841158839,-0.043838628,45.3,3071.8,cq0248.00-
CHEN216,20160722,-1.916901804,0.038598617,84.95,7722.4,cq0248.00-
CHEN216,20160725,0.984565741,0.195712095,117.65,21840.4,cq0248.00-
CHEN216,20160727,3.238294811,0.34585842,130.05,36217,cq0248.00-
CHEN216,20160729,5.503880362,0.517957992,138.75,51657,cq0248.00-
CHEN216,20160801,10.93345359,0.792880228,236.05,68603.8,cq0248.00-
CHEN216,20160803,15.96653893,1.107835874,268.15,99553.6,cq0248.00-
CHEN220,20160718,-3.853523763,-0.049886091,44.05,3303,cq0252.00-
CHEN220,20160722,-2.371367682,0.022866983,72.2,7512.2,cq0252.00-
CHEN220,20160725,-0.41911929,0.153931914,95.5,16671,cq0252.00-
CHEN220,20160727,1.653430736,0.261868619,118.65,26810.2,cq0252.00-
CHEN220,20160729,4.495269457,0.42406537,155.95,39255,cq0252.00-
CHEN220,20160801,8.689547186,0.712226805,166.8,69218,cq0252.00-
CHEN220,20160803,14.02067788,1.07903651,256.55,87375.4,cq0252.00-
CHEN315,20160718,-4.582560832,-0.068550354,30.5833333,1133,cq0278.00-
CHEN315,20160722,-3.764259258,-0.037370546,47.5833333,3074.333333,cq0278.00-
CHEN315,20160725,-2.489182832,0.038386273,64.3333333,8654.333333,cq0278.00-
CHEN315,20160727,-1.391362201,0.061640993,83.8333333,12126.33333,cq0278.00-
CHEN315,20160729,0.735936127,0.197105204,118.5833333,19650.66667,cq0278.00-
CHEN315,20160801,4.376414117,0.429357305,152.5,39230.33333,cq0278.00-
CHEN315,20160803,9.041219853,0.762315419,180.1666667,68462.33333,cq0278.00-
CHEN354,20160718,-4.530782571,-0.064463612,31.1666667,1385,cq0295.00-
CHEN354,20160722,-3.223696607,-0.009121164,53.5,5750.666667,cq0295.00-
CHEN354,20160725,-0.787833723,0.123869538,92.8333333,14486.33333,cq0295.00-
CHEN354,20160727,1.800730772,0.23407874,126.25,25968.66667,cq0295.00-
CHEN354,20160729,3.886667776,0.412863784,142.6666667,37979,cq0295.00-
CHEN354,20160801,8.550096453,0.755438784,136.0833333,76185.33333,cq0295.00-
CHEN354,20160803,11.3545396,0.99919415,169.0833333,89465.66667,cq0295.00-
CHEN376,20160718,-4.324588251,-0.055132106,34.9166667,2014.166667,cq0305.00-
CHEN376,20160722,-2.669552252,0.016909408,68,6281.5,cq0305.00-
CHEN376,20160725,0.230866376,0.200817834,110.375,17853.16667,cq0305.00-
CHEN376,20160727,2.660623161,0.329737886,142.0416667,28552.33333,cq0305.00-
CHEN376,20160729,5.914475956,0.526160103,179.375,44211.33333,cq0305.00-
CHEN376,20160801,11.0076511,0.87766255,236.2083333,69142.66667,cq0305.00-
CHEN376,20160803,17.13448065,1.267023147,281.5,105187.5,cq0305.00-
CHEN70,20160718,-3.916985604,-0.047055029,43.5833333,2929,cq0148.00-
CHEN70,20160722,-2.461907696,0.010970764,73.75,6397.333333,cq0148.00-
CHEN70,20160725,0.581064189,0.173377698,103.4166667,22418,cq0148.00-
CHEN70,20160727,1.747497528,0.299511164,106.8333333,30646,cq0148.00-
CHEN70,20160729,5.125810002,0.527772941,132.5833333,50317.33333,cq0148.00-
CHEN70,20160801,9.423775112,0.748166513,161,76483,cq0148.00-
CHEN70,20160803,11.46657206,0.938596616,169.6666667,90189,cq0148.00-
CHEN83,20160718,-4.009283554,-0.053762806,42.375,2524,cq0150.00-
CHEN83,20160722,-2.413874939,0.012512899,70.5,7625.666667,cq0150.00-
CHEN83,20160725,-0.519816897,0.130203925,99.8333333,14746.5,cq0150.00-
CHEN83,20160727,1.105400634,0.204068266,129.9583333,19556.66667,cq0150.00-
CHEN83,20160729,3.60606262,0.361978274,151,33597.83333,cq0150.00-
CHEN83,20160801,6.534453829,0.599534961,167,52307.5,cq0150.00-
CHEN83,20160803,14.50547931,1.055365169,239.0416667,95760.83333,cq0150.00-
CHERRYVANILLA,20160718,-3.806067098,-0.042017637,48.2083333,2583.333333,cq0333.00-
CHERRYVANILLA,20160722,-1.217742834,0.084521897,96,10292.66667,cq0333.00-
CHERRYVANILLA,20160725,3.434823165,0.385778192,162.5416667,29230.5,cq0333.00-
CHERRYVANILLA,20160727,6.781296239,0.582399041,189.8333333,48248.33333,cq0333.00-
CHERRYVANILLA,20160729,10.02041898,0.827411861,236.8333333,61256.16667,cq0333.00-
CHERRYVANILLA,20160801,17.10508995,1.314332702,326.2916667,93207,cq0333.00-
CHERRYVANILLA,20160803,21.87933539,1.856293721,348.7916667,124650.5,cq0333.00-
CICA-127,20160718,-3.893559333,-0.048626896,45.6,2583.2,cq0330.00-
CICA-127,20160722,-1.50732769,0.054670978,92.5,8945.6,cq0330.00-
CICA-127,20160725,1.725811581,0.294885027,132.5,23743,cq0330.00-
CICA-127,20160727,3.605885201,0.391114208,141.1,36193.6,cq0330.00-
CICA-127,20160729,5.635674498,0.528240449,156.6,48005.2,cq0330.00-
CICA-127,20160801,11.0254324,0.855352445,214.2,75055.4,cq0330.00-
CICA-127,20160803,12.47309501,1.082822662,208.05,87993,cq0330.00-
CICA-17,20160718,-5.496503724,-0.083166358,7.25,105,cq0331.00-
CICA-17,20160722,-4.909580161,-0.072933411,21,1089,cq0331.00-
CICA-17,20160725,-3.837057412,-0.032949597,45.25,3117,cq0331.00-
CICA-17,20160727,-1.973401082,0.029259312,83,7792,cq0331.00-
CICA-17,20160729,-2.280460544,0.057791948,62.5,10768,cq0331.00-
CICA-17,20160801,0.236559096,0.235456253,63,30326,cq0331.00-
CICA-17,20160803,2.739261149,0.342859177,109.25,37770,cq0331.00-
G-205-95DK,20160718,-3.515431482,-0.039548708,55.75,2878.333333,cq0336.00-
G-205-95DK,20160722,-0.993410341,0.088292419,98.9166667,11282.33333,cq0336.00-
G-205-95DK,20160725,3.707048904,0.338274377,178.4166667,27195.33333,cq0336.00-
G-205-95DK,20160727,7.403558754,0.517443661,217.1666667,45945.33333,cq0336.00-
G-205-95DK,20160729,9.578631004,0.749716201,224,61167,cq0336.00-
G-205-95DK,20160801,15.59541858,1.127269612,299.1666667,88513.66667,cq0336.00-
G-205-95DK,20160803,19.71564938,1.549419364,331.5833333,112239.6667,cq0336.00-
NSL91567,20160718,-4.612933264,-0.061539773,27.625,1671.5,cq0049.00-
NSL91567,20160722,-3.308705601,0.018934658,50.375,5905.5,cq0049.00-
NSL91567,20160725,-1.259179478,0.147228847,79.125,14395.5,cq0049.00-
NSL91567,20160727,1.873836112,0.320650091,116,29229.5,cq0049.00-
NSL91567,20160729,3.280352487,0.42538483,134.75,35313,cq0049.00-
NSL91567,20160801,9.29590298,0.796859024,203,64464.5,cq0049.00-
NSL91567,20160803,13.41566787,1.102297091,219.25,92428,cq0049.00-
Ø654,20160718,-3.460037666,-0.049766993,57.1666667,2940,cq0334.00-
Ø654,20160722,-1.836448745,0.0357303,84.125,8568.166667,cq0334.00-
Ø654,20160725,0.893675968,0.199990879,121.75,20053.83333,cq0334.00-
Ø654,20160727,3.068519791,0.323746424,129.4583333,35044.16667,cq0334.00-
Ø654,20160729,6.514195805,0.525892242,180.625,48574.66667,cq0334.00-
Ø654,20160801,12.60989747,0.961279173,231.8333333,82823.83333,cq0334.00-
Ø654,20160803,21.5210557,1.490713412,303.2083333,133806.1667,cq0334.00-
PI478411,20160718,-4.98228772,-0.078126383,21.25,454.6666667,cq0055.00-
PI478411,20160722,-4.356167791,-0.051747597,34.8333333,1789,cq0055.00-
PI478411,20160725,-3.022192578,0.001387077,58.1666667,6102.666667,cq0055.00-
PI478411,20160727,-1.697421684,0.049821343,81.5,10344.33333,cq0055.00-
PI478411,20160729,-1.015122774,0.118998588,92,12927,cq0055.00-
PI478411,20160801,3.547220974,0.367740494,139.8333333,36067,cq0055.00-
PI478411,20160803,6.350067825,0.602185454,160.0833333,52679.66667,cq0055.00-
PI478414,20160718,-4.260575158,-0.063772298,37.5833333,1815.333333,cq0056.00-
PI478414,20160722,-2.92980157,-0.013023137,65.4583333,4912.5,cq0056.00-
PI478414,20160725,-1.93587981,0.055495976,74.1666667,10402.83333,cq0056.00-
PI478414,20160727,-0.9591101,0.109068651,79.6666667,16600.66667,cq0056.00-
PI478414,20160729,1.160179,0.237050556,107.0833333,25986.16667,cq0056.00-
PI478414,20160801,4.754554208,0.443223817,156.8333333,41051.5,cq0056.00-
PI478414,20160803,8.601277678,0.673539153,181.4166667,64693,cq0056.00-
PI478418,20160718,-4.134441755,-0.052954792,40.2916667,2091.5,cq0058.00-
PI478418,20160722,-2.359532793,0.019008423,76.1666667,6564.166667,cq0058.00-
PI478418,20160725,0.101058204,0.170554399,116.0416667,15351.16667,cq0058.00-
PI478418,20160727,2.874452304,0.320704929,158.5,25907.33333,cq0058.00-
PI478418,20160729,3.962469062,0.429384997,143.5,38353.33333,cq0058.00-
PI478418,20160801,8.676196507,0.689418858,194.8333333,61759.33333,cq0058.00-
PI478418,20160803,13.97401872,1.081584693,246.75,89581.33333,cq0058.00-
PI510538,20160718,-3.943512868,-0.04538554,44.7916667,2404.5,cq0065.00-
PI510538,20160722,-1.901097417,0.056291908,81.5416667,8740.166667,cq0065.00-
PI510538,20160725,1.124314773,0.212214564,124.1666667,21224,cq0065.00-
PI510538,20160727,3.254579963,0.339443903,146.25,32094.5,cq0065.00-
PI510538,20160729,5.851816693,0.470728345,177.9583333,44092.83333,cq0065.00-
PI510538,20160801,11.52232965,0.886032582,223.75,76437,cq0065.00-
PI510538,20160803,16.69855085,1.311738036,247,110828.1667,cq0065.00-
PI510549,20160718,-4.143944011,-0.056115204,40.7916667,1886,cq0074.00-
PI510549,20160722,-2.481923287,0.020979412,71.0833333,6940.333333,cq0074.00-
PI510549,20160725,-0.68998407,0.175464811,85.9583333,17055.33333,cq0074.00-
PI510549,20160727,1.894656718,0.267856165,124.7083333,27107.83333,cq0074.00-
PI510549,20160729,4.261451688,0.452097614,141.3333333,41260.5,cq0074.00-
PI510549,20160801,12.5866984,0.947423173,209.0416667,88621.5,cq0074.00-
PI510549,20160803,15.97175951,1.268270467,237.125,107733.5,cq0074.00-
PI584524,20160718,-3.739468503,-0.039223664,48.8333333,2940.333333,cq0076.00-
PI584524,20160722,-1.63424548,0.089224672,83.2916667,10368.5,cq0076.00-
PI584524,20160725,2.748996659,0.412454912,139.9583333,29790.16667,cq0076.00-
PI584524,20160727,6.642155739,0.620530389,185.1666667,48384.16667,cq0076.00-
PI584524,20160729,10.88971451,0.945080798,222.2916667,71871,cq0076.00-
PI584524,20160801,21.0137118,1.710066933,303,129892.1667,cq0076.00-
PI584524,20160803,32.10978461,2.626986568,356.8333333,202567.6667,cq0076.00-
PI596498,20160718,-3.901418494,-0.051735816,45.125,2646.333333,cq0078.00-
PI596498,20160722,-2.303376043,0.011931491,74.2916667,7495.333333,cq0078.00-
PI596498,20160725,-1.351395682,0.120663869,80.5416667,13302.5,cq0078.00-
PI596498,20160727,-0.160854223,0.176065653,81.5,22364,cq0078.00-
PI596498,20160729,1.869449005,0.326289889,96.125,34409.16667,cq0078.00-
PI596498,20160801,6.620072079,0.576926314,167.9583333,52725.83333,cq0078.00-
PI596498,20160803,10.68312088,0.857961447,203.6666667,75141,cq0078.00-
PI614002,20160718,-3.900795373,-0.051084077,45,2684,cq0079.00-
PI614002,20160722,-2.288823622,0.022532992,72.0833333,8188.5,cq0079.00-
PI614002,20160725,0.561279438,0.168859297,115.9166667,18984,cq0079.00-
PI614002,20160727,1.430690291,0.234273902,113.875,26320.5,cq0079.00-
PI614002,20160729,4.177214868,0.42005095,143,40164.33333,cq0079.00-
PI614002,20160801,10.58100873,0.819511762,218.875,70352.5,cq0079.00-
PI614002,20160803,14.62303055,1.11206987,255.375,92395.5,cq0079.00-
PI614880,20160718,-3.685143964,-0.040860895,49.6666667,3146.666667,cq0080.00-
PI614880,20160722,-1.344684027,0.088310095,90.875,10644.16667,cq0080.00-
PI614880,20160725,3.408156048,0.334543659,159.2916667,29874.5,cq0080.00-
PI614880,20160727,7.954969306,0.572185357,217.25,50236.83333,cq0080.00-
PI614880,20160729,9.129940366,0.680985064,189.2916667,66762.5,cq0080.00-
PI614880,20160801,18.03898966,1.275152425,288.9583333,110306.3333,cq0080.00-
PI614880,20160803,20.66204522,1.573346816,304.3333333,126791.5,cq0080.00-
PI614881,20160718,-4.114045158,-0.056006335,39.9,2353.8,cq0081.00-
PI614881,20160722,-2.526928242,0.008697676,70.55,6728.2,cq0081.00-
PI614881,20160725,-0.686547304,0.140545571,86.55,16927,cq0081.00-
PI614881,20160727,0.315662665,0.186540706,101.9,20739.8,cq0081.00-
PI614881,20160729,2.898631214,0.331625146,125.95,34635.6,cq0081.00-
PI614881,20160801,7.262692606,0.585929431,164.3,58712.4,cq0081.00-
PI614881,20160803,3.804833599,0.457931267,112.05,45370.8,cq0081.00-
PI614882,20160718,-3.433917925,-0.028485545,55.65,3542.2,cq0082.00-
PI614882,20160722,-0.568228536,0.127447227,102.6,13642,cq0082.00-
PI614882,20160725,3.298746274,0.352800054,153,30669.2,cq0082.00-
PI614882,20160727,6.974245409,0.540577583,181.85,51852,cq0082.00-
PI614882,20160729,10.74256611,0.837002842,241.95,65562.8,cq0082.00-
PI614882,20160801,20.66363378,1.510814345,329.3,120254.2,cq0082.00-
PI614882,20160803,26.95914977,2.071595275,344.15,165604.6,cq0082.00-
PI614883,20160718,-4.476418566,-0.059043792,31.3125,1772,cq0083.00-
PI614883,20160722,-2.984172769,0.014106961,58.875,6214.25,cq0083.00-
PI614883,20160725,-0.359843902,0.128894163,104.875,14675.25,cq0083.00-
PI614883,20160727,1.733358775,0.256497709,109,29967,cq0083.00-
PI614883,20160729,4.280659907,0.384206858,143.4375,40858.75,cq0083.00-
PI614883,20160801,10.73569052,0.782536462,219.9375,71283.75,cq0083.00-
PI614883,20160803,6.362860088,0.624233737,135.5625,59212.5,cq0083.00-
PI614886 - QQ74a,20160718,-4.36770964,-0.051531771,33.5,2048.5,cq0085.00-
PI614886 - QQ74a,20160722,-2.401469964,0.060083081,69.625,7952.25,cq0085.00-
PI614886 - QQ74a,20160725,0.706322024,0.207054897,122.1875,18473.5,cq0085.00-
PI614886 - QQ74a,20160727,3.570371562,0.393907688,142.9375,35433.75,cq0085.00-
PI614886 - QQ74a,20160729,6.314608373,0.562491601,179.625,47275.75,cq0085.00-
PI614886 - QQ74a,20160801,14.69065712,1.09627591,263.5,90793,cq0085.00-
PI614886 - QQ74a,20160803,21.76831279,1.609259873,319.875,131368,cq0085.00-
PI614886 - QQ74b,20160718,-3.398998034,-0.036961365,58.0833333,3177,cq0329.00-
PI614886 - QQ74b,20160722,-0.843995229,0.110728184,98.0416667,12680.66667,cq0329.00-
PI614886 - QQ74b,20160725,4.338851681,0.465663332,170.9583333,34094.16667,cq0329.00-
PI614886 - QQ74b,20160727,7.683464412,0.648216434,208.9166667,50299.16667,cq0329.00-
PI614886 - QQ74b,20160729,13.15008535,1.053094836,262.7916667,78927.83333,cq0329.00-
PI614886 - QQ74b,20160801,22.10402006,1.695658306,347.5416667,126736,cq0329.00-
PI614886 - QQ74b,20160803,26.12245507,2.276808535,355.25,156147.6667,cq0329.00-
PI614887,20160718,-4.400197207,-0.055049945,32.375,2089.5,cq0086.00-
PI614887,20160722,-2.680297402,0.041820656,63.4166667,7399.833333,cq0086.00-
PI614887,20160725,0.309518744,0.199237022,110.625,18402.83333,cq0086.00-
PI614887,20160727,3.948809132,0.40801364,137.2916667,39875.16667,cq0086.00-
PI614887,20160729,6.622878387,0.586039422,176.9166667,50397.66667,cq0086.00-
PI614887,20160801,14.17058109,1.054525468,253.4166667,89370,cq0086.00-
PI614887,20160803,21.2099475,1.627536668,292.0416667,134302,cq0086.00-
PI614889,20160718,-3.815037531,-0.035840712,45,3354.833333,cq0088.00-
PI614889,20160722,-1.914097425,0.074348517,77.0416667,9819,cq0088.00-
PI614889,20160725,1.907194061,0.283791526,132.7916667,25085.33333,cq0088.00-
PI614889,20160727,5.155553442,0.442723673,170.2083333,40679.5,cq0088.00-
PI614889,20160729,7.943058875,0.65762996,199.2916667,54854.83333,cq0088.00-
PI614889,20160801,16.76934683,1.269702853,255.25,109217.6667,cq0088.00-
PI614889,20160803,18.66224412,1.534585043,270.0833333,120133.3333,cq0088.00-
PI614904,20160718,-4.522073755,-0.072990627,33.5,841,cq0092.00-
PI614904,20160722,-3.352225254,-0.018110711,55.75,4155,cq0092.00-
PI614904,20160725,-2.445870742,0.048784255,64.25,9015,cq0092.00-
PI614904,20160727,-1.210917943,0.123331453,75.5,15724,cq0092.00-
PI614904,20160729,-0.331888498,0.152262527,99.5,16304,cq0092.00-
PI614904,20160801,3.092595775,0.360238659,126.75,35943,cq0092.00-
PI614904,20160803,2.989369938,0.3542178,131.25,33955,cq0092.00-
PI614928,20160718,-3.931671207,-0.047850976,43.75,2770.4,cq0113.00-
PI614928,20160722,-2.84756334,0.015993143,57.15,7735.4,cq0113.00-
PI614928,20160725,-1.689161864,0.094052366,74.55,12232.2,cq0113.00-
PI614928,20160727,-0.610419853,0.138204175,83.6,18296.4,cq0113.00-
PI614928,20160729,-0.271374415,0.194718265,75.2,23152.2,cq0113.00-
PI614928,20160801,2.056940921,0.348498546,83.6,39161.6,cq0113.00-
PI614928,20160803,0.41785646,0.270632692,75.05,28583,cq0113.00-
PI634924,20160718,-4.003965124,-0.048137427,43.4166667,2292.333333,cq0127.00-
PI634924,20160722,-2.103978211,0.064425698,75.8333333,8650.666667,cq0127.00-
PI634924,20160725,1.982683364,0.278319901,141.9166667,23282,cq0127.00-
PI634924,20160727,6.259959528,0.537513993,179.6666667,46837.33333,cq0127.00-
PI634924,20160729,10.6783067,0.808291758,225.3333333,69419.33333,cq0127.00-
PI634924,20160801,17.52251346,1.314630458,300.25,103304,cq0127.00-
PI634924,20160803,24.17295011,1.888269913,344.9166667,143608.6667,cq0127.00-
PI643079,20160718,-3.963179062,-0.050583803,41.5833333,3092.333333,cq0129.00-
PI643079,20160722,-2.943029563,0.010309578,57.4166667,6918.666667,cq0129.00-
PI643079,20160725,-1.675082028,0.081927882,71.4166667,13164.33333,cq0129.00-
PI643079,20160727,-1.09692582,0.146472355,65.25,19304.66667,cq0129.00-
PI643079,20160729,-2.170019706,0.120539324,51.9166667,14408.33333,cq0129.00-
PI643079,20160801,1.483231847,0.299070654,91.5,32601.33333,cq0129.00-
PI643079,20160803,2.71570837,0.438394014,85.9166667,43707,cq0129.00-
PI665283,20160718,-4.299655571,-0.054573774,36,1925,cq0137.00-
PI665283,20160722,-2.891962554,0.026349463,59.0416667,6891.833333,cq0137.00-
PI665283,20160725,-0.406870241,0.150043223,100.125,15553.5,cq0137.00-
PI665283,20160727,1.806102643,0.265735128,127.5416667,25671.83333,cq0137.00-
PI665283,20160729,6.071902547,0.543356664,171.375,47541.5,cq0137.00-
PI665283,20160801,12.70753528,1.004321627,236.7916667,82286.83333,cq0137.00-
PI665283,20160803,22.72064001,1.726883289,286.6666667,147529.3333,cq0137.00-
REAL,20160718,-3.984512476,-0.05537765,43.4166667,2444.5,cq0335.00-
REAL,20160722,-2.4805187,0.020940338,71.2916667,6896.666667,cq0335.00-
REAL,20160725,-0.26893328,0.14450666,100.125,16632.5,cq0335.00-
REAL,20160727,0.179814297,0.194620282,92.125,22241.5,cq0335.00-
REAL,20160729,1.765888864,0.26163283,115.0416667,28636.5,cq0335.00-
REAL,20160801,6.687321838,0.577449031,165.4166667,53918.66667,cq0335.00-
REAL,20160803,10.92524683,0.866774456,167.5416667,86512,cq0335.00-
